{
   "dashboards": [{
      "autoswitchEnabled": false,
      "columnCount": 1,
      "columnProportion": "1-1",
      "creationTime": 1675217090259,
      "dashboardNavigations": {},
      "description": "",
      "disabled": false,
      "gridsterMaxColumns": 12,
      "hidden": false,
      "homeTab": false,
      "id": "4a0fa8f6-5dde-4e55-8f31-ba00461b54d3",
      "importAttempts": 0,
      "importComplete": true,
      "lastUpdateTime": 1675250065775,
      "lastUpdateUserId": "287ed085-c6ca-4255-b69c-956f1665ed51",
      "locked": false,
      "name": "Cluster Capacity Details v2",
      "rank": 0,
      "shared": false,
      "states": [{
         "key": "permDashboardTime_dashboard_4a0fa8f6-5dde-4e55-8f31-ba00461b54d3",
         "value": "o%3AdateRange%3Ds%253Alast7Days%5EdateRangeText%3Ds%253A7D"
      }],
      "temporary": false,
      "userId": "287ed085-c6ca-4255-b69c-956f1665ed51",
      "widgetInteractions": [
         {
            "type": "resourceId",
            "widgetIdProvider": "f673db1c-518c-485b-be70-3595fc874282",
            "widgetIdReceiver": "af6911f7-ff00-47e6-8ead-af2016bb195a"
         },
         {
            "type": "resourceId",
            "widgetIdProvider": "f673db1c-518c-485b-be70-3595fc874282",
            "widgetIdReceiver": "5f406d0d-e5e4-4aec-bc3f-b696fafc10f5"
         },
         {
            "type": "resourceId",
            "widgetIdProvider": "f673db1c-518c-485b-be70-3595fc874282",
            "widgetIdReceiver": "0e9e5417-6412-41be-8062-699a1757de0a"
         },
         {
            "type": "resourceId",
            "widgetIdProvider": "f673db1c-518c-485b-be70-3595fc874282",
            "widgetIdReceiver": "6ba7b6f6-73de-477b-8bd0-346a5410673f"
         },
         {
            "type": "resourceId",
            "widgetIdProvider": "f673db1c-518c-485b-be70-3595fc874282",
            "widgetIdReceiver": "420022c2-8324-4d2a-bbec-21b14d8a7f64"
         }
      ],
      "widgets": [
         {
            "collapsed": false,
            "config": {
               "chartViewItems": [],
               "isUpdatedView": true,
               "refreshContent": {"refreshContent": true},
               "refreshInterval": 300,
               "resource": {
                  "id": "Ext.vcops.chrome.model.Resource-1",
                  "resourceId": "resource:id:0_::_",
                  "resourceKindId": "002006VMWAREvSphere World",
                  "resourceName": "vSphere World",
                  "traversalSpecId": ""
               },
               "selectFirstRow": {"selectFirstRow": true},
               "selfProvider": {"selfProvider": true},
               "title": "Cluster Capacity Details",
               "traversalSpecId": null,
               "viewDefinitionId": "1ce160a1-05dd-4d56-8f3b-9a20326b464b"
            },
            "gridsterCoords": {
               "h": 10,
               "w": 12,
               "x": 1,
               "y": 1
            },
            "height": 552,
            "id": "f673db1c-518c-485b-be70-3595fc874282",
            "states": [{
               "key": "perm_isDashboardTime_widget_4a0fa8f6-5dde-4e55-8f31-ba00461b54d3_f673db1c-518c-485b-be70-3595fc874282",
               "value": "b%3A0"
            }],
            "title": "Cluster Capacity Details",
            "type": "View"
         },
         {
            "collapsed": false,
            "config": {
               "boxColumns": 2,
               "boxHeight": null,
               "customFilter": {
                  "excludedResources": null,
                  "filter": [],
                  "includedResources": null
               },
               "depth": 1,
               "labelSize": 16,
               "maxCellCount": 100,
               "metric": {
                  "mode": "resourceKind",
                  "resourceKindMetrics": [
                     {
                        "colorMethod": 2,
                        "handleOldColoring": false,
                        "id": "extModel24969-2",
                        "isStringMetric": false,
                        "label": "VMs",
                        "link": "",
                        "metricKey": "summary|total_number_vms",
                        "metricName": "Summary|Total Number of VMs",
                        "metricUnitId": null,
                        "orangeBound": null,
                        "redBound": null,
                        "resourceKindId": "resourceKind:id:0_::_",
                        "resourceKindName": "Cluster Compute Resource",
                        "unit": "",
                        "yellowBound": null
                     },
                     {
                        "colorMethod": 2,
                        "handleOldColoring": false,
                        "id": "extModel24969-1",
                        "isStringMetric": false,
                        "label": "ESXi Hosts",
                        "link": "",
                        "metricKey": "summary|total_number_hosts",
                        "metricName": "Summary|Total Number of Hosts",
                        "metricUnitId": null,
                        "orangeBound": null,
                        "redBound": null,
                        "resourceKindId": "resourceKind:id:0_::_",
                        "resourceKindName": "Cluster Compute Resource",
                        "unit": "",
                        "yellowBound": null
                     }
                  ],
                  "resourceMetrics": [],
                  "subMode": "resourceKindAll"
               },
               "mode": {"layoutMode": "fixedView"},
               "oldMetricValues": false,
               "periodLength": "dashboardTime",
               "refreshContent": {"refreshContent": true},
               "refreshInterval": 300,
               "relationshipMode": {"relationshipMode": 0},
               "resInteractionMode": null,
               "resource": [],
               "roundDecimals": null,
               "selfProvider": {"selfProvider": false},
               "showDT": {"showDT": false},
               "showMetricName": {"showMetricName": true},
               "showMetricUnit": {"showMetricUnit": true},
               "showResourceName": {"showResourceName": false},
               "showSparkline": {"showSparkline": true},
               "title": "VMs and ESXi Hosts Over Time (for selected Cluster)",
               "valueSize": 24,
               "visualTheme": 5
            },
            "gridsterCoords": {
               "h": 4,
               "w": 6,
               "x": 1,
               "y": 11
            },
            "height": 210,
            "id": "af6911f7-ff00-47e6-8ead-af2016bb195a",
            "title": "VMs and ESXi Hosts Over Time (for selected Cluster)",
            "type": "Scoreboard"
         },
         {
            "collapsed": false,
            "config": {
               "boxColumns": 2,
               "boxHeight": null,
               "customFilter": {
                  "excludedResources": null,
                  "filter": [],
                  "includedResources": null
               },
               "depth": 1,
               "labelSize": 16,
               "maxCellCount": 100,
               "metric": {
                  "mode": "resourceKind",
                  "resourceKindMetrics": [
                     {
                        "colorMethod": 0,
                        "handleOldColoring": false,
                        "id": "extModel26786-1",
                        "isStringMetric": false,
                        "label": "CPU Usage ",
                        "link": "",
                        "metricKey": "cpu|capacity_usagepct_average",
                        "metricName": "CPU|Capacity Usage",
                        "metricUnitId": -1,
                        "orangeBound": 90,
                        "redBound": 95,
                        "resourceKindId": "resourceKind:id:0_::_",
                        "resourceKindName": "Cluster Compute Resource",
                        "unit": "Auto",
                        "yellowBound": 80
                     },
                     {
                        "colorMethod": 0,
                        "handleOldColoring": false,
                        "id": "extModel26786-2",
                        "isStringMetric": false,
                        "label": "Memory Usage",
                        "link": "",
                        "metricKey": "mem|usage_average",
                        "metricName": "Memory|Usage",
                        "metricUnitId": -1,
                        "orangeBound": 90,
                        "redBound": 95,
                        "resourceKindId": "resourceKind:id:0_::_",
                        "resourceKindName": "Cluster Compute Resource",
                        "unit": "Auto",
                        "yellowBound": 80
                     }
                  ],
                  "resourceMetrics": [],
                  "subMode": "resourceKindAll"
               },
               "mode": {"layoutMode": "fixedView"},
               "oldMetricValues": false,
               "periodLength": "dashboardTime",
               "refreshContent": {"refreshContent": true},
               "refreshInterval": 300,
               "relationshipMode": {"relationshipMode": 0},
               "resInteractionMode": null,
               "resource": [],
               "roundDecimals": null,
               "selfProvider": {"selfProvider": false},
               "showDT": {"showDT": false},
               "showMetricName": {"showMetricName": true},
               "showMetricUnit": {"showMetricUnit": true},
               "showResourceName": {"showResourceName": false},
               "showSparkline": {"showSparkline": true},
               "title": "CPU and Memory Usage Over Time (for selected Cluster)",
               "valueSize": 24,
               "visualTheme": 5
            },
            "gridsterCoords": {
               "h": 4,
               "w": 6,
               "x": 7,
               "y": 11
            },
            "height": 210,
            "id": "5f406d0d-e5e4-4aec-bc3f-b696fafc10f5",
            "title": "CPU and Memory Usage Over Time (for selected Cluster)",
            "type": "Scoreboard"
         },
         {
            "collapsed": false,
            "config": {
               "additionalColumns": [],
               "barsCount": 15,
               "customFilter": {
                  "excludedResources": null,
                  "filter": [],
                  "includedResources": null
               },
               "depth": 2,
               "filterMode": "tagPicker",
               "filterOldMetrics": {"filterOldMetrics": false},
               "maxValue": null,
               "metric": {
                  "metricKey": "cpu|usagemhz_average",
                  "name": "CPU|Usage (MHz)"
               },
               "metricName": "CPU Usage",
               "metricUnit": {
                  "metricUnitId": "ghz",
                  "metricUnitName": "GHz"
               },
               "mode": "all",
               "orangeBound": 10,
               "percentileValue": null,
               "redBound": 20,
               "refreshContent": {"refreshContent": true},
               "refreshInterval": 300,
               "regenerationTime": 15,
               "relationshipMode": {"relationshipMode": -1},
               "resource": [],
               "resourceKind": [{"id": "resourceKind:id:1_::_"}],
               "roundDecimals": 1,
               "selfProvider": {"selfProvider": false},
               "tagFilter": null,
               "title": "VMs Consuming the Most CPU (for selected Cluster)",
               "topOption": "metricsHighestUtilization",
               "yellowBound": 5
            },
            "gridsterCoords": {
               "h": 8,
               "w": 4,
               "x": 1,
               "y": 15
            },
            "height": 437,
            "id": "0e9e5417-6412-41be-8062-699a1757de0a",
            "title": "VMs Consuming the Most CPU (for selected Cluster)",
            "type": "ParetoAnalysis"
         },
         {
            "collapsed": false,
            "config": {
               "additionalColumns": [],
               "barsCount": 15,
               "customFilter": {
                  "excludedResources": null,
                  "filter": [],
                  "includedResources": null
               },
               "depth": 2,
               "filterMode": "tagPicker",
               "filterOldMetrics": {"filterOldMetrics": false},
               "maxValue": null,
               "metric": {
                  "metricKey": "mem|vmMemoryDemand",
                  "name": "Memory|Utilization (KB)"
               },
               "metricName": "Memory Used",
               "metricUnit": {
                  "metricUnitId": "gb",
                  "metricUnitName": "GB"
               },
               "mode": "all",
               "orangeBound": 16,
               "percentileValue": null,
               "redBound": 32,
               "refreshContent": {"refreshContent": true},
               "refreshInterval": 300,
               "regenerationTime": 15,
               "relationshipMode": {"relationshipMode": -1},
               "resource": [],
               "resourceKind": [{"id": "resourceKind:id:1_::_"}],
               "roundDecimals": 1,
               "selfProvider": {"selfProvider": false},
               "tagFilter": null,
               "title": "VMs consuming the most Memory (for selected Cluster)",
               "topOption": "metricsHighestUtilization",
               "yellowBound": 8
            },
            "gridsterCoords": {
               "h": 8,
               "w": 4,
               "x": 5,
               "y": 15
            },
            "height": 437,
            "id": "6ba7b6f6-73de-477b-8bd0-346a5410673f",
            "title": "VMs consuming the most Memory (for selected Cluster)",
            "type": "ParetoAnalysis"
         },
         {
            "collapsed": false,
            "config": {
               "additionalColumns": [],
               "barsCount": 15,
               "customFilter": {
                  "excludedResources": null,
                  "filter": [],
                  "includedResources": null
               },
               "depth": 2,
               "filterMode": "tagPicker",
               "filterOldMetrics": {"filterOldMetrics": false},
               "maxValue": null,
               "metric": {
                  "metricKey": "diskspace|used",
                  "name": "Disk Space|Virtual Machine used (GB)"
               },
               "metricName": "Disk Space",
               "metricUnit": {
                  "metricUnitId": "gb",
                  "metricUnitName": "GB"
               },
               "mode": "all",
               "orangeBound": 750,
               "percentileValue": null,
               "redBound": 1000,
               "refreshContent": {"refreshContent": true},
               "refreshInterval": 300,
               "regenerationTime": 15,
               "relationshipMode": {"relationshipMode": -1},
               "resource": [],
               "resourceKind": [{"id": "resourceKind:id:1_::_"}],
               "roundDecimals": 1,
               "selfProvider": {"selfProvider": false},
               "tagFilter": null,
               "title": "VMs Consuming the Most Disk (for selected Cluster)",
               "topOption": "metricsHighestUtilization",
               "yellowBound": 500
            },
            "gridsterCoords": {
               "h": 8,
               "w": 4,
               "x": 9,
               "y": 15
            },
            "height": 437,
            "id": "420022c2-8324-4d2a-bbec-21b14d8a7f64",
            "title": "VMs Consuming the Most Disk (for selected Cluster)",
            "type": "ParetoAnalysis"
         }
      ]
   }],
   "entries": {
      "resource": [{
         "adapterKindKey": "VMWARE",
         "identifiers": [],
         "internalId": "resource:id:0_::_",
         "name": "vSphere World",
         "resourceKindKey": "vSphere World"
      }],
      "resourceKind": [
         {
            "adapterKindKey": "VMWARE",
            "internalId": "resourceKind:id:1_::_",
            "resourceKindKey": "VirtualMachine"
         },
         {
            "adapterKindKey": "VMWARE",
            "internalId": "resourceKind:id:0_::_",
            "resourceKindKey": "ClusterComputeResource"
         }
      ]
   },
   "uuid": "79f7c3a9-5abf-4331-b8c9-943bd8129194"
}